frame,raw_x,raw_y,raw_z,filtered_x,filtered_y,filtered_z
0,0.40775206685066223,0.6815041899681091,-0.06307481974363327,0.3396753474741551,-0.6803688419478441,-0.2693560613977173
